val_mae,train_mae
1132.739668595566,1079.4922760706518
1129.9419529299546,1085.3264431189389
1139.2944738055855,1072.0878968549662
1137.958964951809,1076.4420459781998
1127.0406721786542,1085.8685393791673
