loss,val_loss
1886.1787494432601,1686.9685378237507
1547.54113945846,1422.9442805961926
1379.2143169647184,1343.7557320153196
1332.9836492538857,1319.570278689531
1311.882099030233,1301.8352846882965
1297.4169056255969,1290.5155043401855
1287.170506973795,1280.8872707940607
1279.723919239281,1274.4532761307216
1273.912807130282,1277.542528425685
1269.149275586272,1266.6373603399466
